,Test Accuracy,Test Loss,Train Accuracy,Train Loss,Full Dataset Accuracy,Full Dataset Loss,Custom Predictions,Custom True Labels
RAVDESS,0.9177215099334717,0.45583051443099976,1.0,0.0017124684527516365,0.9835359454154968,0.09258248656988144,"neutral, sad","sad, angry"
CREMA,0.8608843684196472,0.694063127040863,0.973044216632843,0.08046679198741913,0.9506122469902039,0.20318590104579926,"sad, neutral","sad, angry"
TESS,0.9989583492279053,0.004608349408954382,1.0,2.2478050141216954e-06,0.99979168176651,0.0009234675671905279,"happy, sad","sad, angry"
SAVEE,0.8611111044883728,0.5525122880935669,1.0,0.00206109625287354,0.9722222089767456,0.11215091496706009,"angry, angry","sad, angry"
EMODB,0.936274528503418,0.24811354279518127,1.0,0.0009245160617865622,0.9872173070907593,0.05050843954086304,"angry, angry","sad, angry"
IEMOCAP,0.8236822485923767,1.0918329954147339,0.9894209504127502,0.03890570253133774,0.9562731981277466,0.2494908720254898,"neutral, neutral","sad, angry"
